{
  "best_epoch": 5,
  "config_hash": "028777d92087850db43a6f242df9c3880db400555b7398d6b11d7e2b376157d4",
  "dataset": "Weather",
  "epochs_trained": 15,
  "git_sha": "eae977c48d84cbc5908ffba4ebfd4b74ce71e71f",
  "horizon": 336,
  "inference_ms_per_batch": 1.6622473128336424,
  "lookback": 336,
  "param_count": {
    "backbone": 921984,
    "head": 0,
    "tokenizer": 238544
  },
  "peak_vram_mb": 23103,
  "seed": 2021,
  "test_mae": 0.37990587487751104,
  "test_rmse": 0.6078366931043554,
  "tokenizer": "variate",
  "tokens_per_input": 21,
  "train_time_sec": 31.335993104003137,
  "val_mae": 0.45835525320282144,
  "val_rmse": 0.8016622429579313
}