{
  "best_epoch": 16,
  "config_hash": "d6608a2bf21a6d9f32f420307db542e9922af601567ea43ec3ad3affe857bb21",
  "dataset": "Weather",
  "epochs_trained": 26,
  "git_sha": "eae977c48d84cbc5908ffba4ebfd4b74ce71e71f",
  "horizon": 96,
  "inference_ms_per_batch": 68.24283878024023,
  "lookback": 336,
  "param_count": {
    "backbone": 921984,
    "head": 0,
    "tokenizer": 385
  },
  "peak_vram_mb": 23103,
  "seed": 2023,
  "test_mae": 0.2211398812195115,
  "test_rmse": 0.399335870018327,
  "tokenizer": "point",
  "tokens_per_input": 336,
  "train_time_sec": 2494.8084521810015,
  "val_mae": 0.29167855305746915,
  "val_rmse": 0.6238609821239312
}