{
  "best_epoch": 8,
  "config_hash": "41f3077138a9aeca1c74c2737ce9df3402052a500bf88ec53df75026d3f3afff",
  "dataset": "Weather",
  "epochs_trained": 18,
  "git_sha": "eae977c48d84cbc5908ffba4ebfd4b74ce71e71f",
  "horizon": 336,
  "inference_ms_per_batch": 5.17039477454091,
  "lookback": 336,
  "param_count": {
    "backbone": 921984,
    "head": 0,
    "tokenizer": 1765840
  },
  "peak_vram_mb": 23103,
  "seed": 2021,
  "test_mae": 0.34031259604170344,
  "test_rmse": 0.5607127304320093,
  "tokenizer": "patch",
  "tokens_per_input": 41,
  "train_time_sec": 121.40259035299823,
  "val_mae": 0.4404356230092953,
  "val_rmse": 0.7853084022696517
}