{
  "best_epoch": 6,
  "config_hash": "5f4f73881b91b16f07135cf1e86a75c492e6269f8c22d1374d69279a05ec7624",
  "dataset": "Weather",
  "epochs_trained": 16,
  "git_sha": "eae977c48d84cbc5908ffba4ebfd4b74ce71e71f",
  "horizon": 336,
  "inference_ms_per_batch": 1.6370444132917328,
  "lookback": 336,
  "param_count": {
    "backbone": 921984,
    "head": 0,
    "tokenizer": 238544
  },
  "peak_vram_mb": 23103,
  "seed": 2022,
  "test_mae": 0.3912431789559079,
  "test_rmse": 0.6266006523538127,
  "tokenizer": "variate",
  "tokens_per_input": 21,
  "train_time_sec": 31.781798112002434,
  "val_mae": 0.473242587209987,
  "val_rmse": 0.8166680144797829
}