{
  "best_epoch": 35,
  "config_hash": "f76f2677137c24139bbf6b7cf16e9e909ce35a1af4008c30b78bd7643d7c8867",
  "dataset": "Electricity",
  "epochs_trained": 45,
  "git_sha": "56fd01e5adfcaa7bb4601d50141a970e5f81784b",
  "horizon": 96,
  "inference_ms_per_batch": 65.43122786888348,
  "lookback": 336,
  "param_count": {
    "backbone": 921984,
    "head": 0,
    "tokenizer": 385
  },
  "peak_vram_mb": 16466,
  "seed": 2022,
  "test_mae": 0.27381028132957513,
  "test_rmse": 0.4267808147199644,
  "tokenizer": "point",
  "tokens_per_input": 336,
  "train_time_sec": 32449.115109375038,
  "val_mae": 0.2540567195515739,
  "val_rmse": 0.40269847713576756
}