{
  "best_epoch": 6,
  "config_hash": "400cf2fee36cb55dc0b3fe9cf420c122a7d33468540955465b1cad2a7c64a4b4",
  "dataset": "Weather",
  "epochs_trained": 16,
  "git_sha": "eae977c48d84cbc5908ffba4ebfd4b74ce71e71f",
  "horizon": 336,
  "inference_ms_per_batch": 9965.838891224848,
  "lookback": 336,
  "param_count": {
    "backbone": 921984,
    "head": 0,
    "tokenizer": 329214
  },
  "peak_vram_mb": 23103,
  "seed": 2021,
  "test_mae": 0.5189324722927714,
  "test_rmse": 0.7297193247321391,
  "tokenizer": "discrete_bpe",
  "tokens_per_input": 164,
  "train_time_sec": 4584.52474156901,
  "val_mae": 0.5747916754274335,
  "val_rmse": 0.9027991422789166
}