{
  "best_epoch": 30,
  "config_hash": "574ac3f1e6288ab7f5a4c54bf5a0a24964928fa01713da9220dda6cf187a08c9",
  "dataset": "Weather",
  "epochs_trained": 40,
  "git_sha": "eae977c48d84cbc5908ffba4ebfd4b74ce71e71f",
  "horizon": 336,
  "inference_ms_per_batch": 68.98343437460426,
  "lookback": 336,
  "param_count": {
    "backbone": 921984,
    "head": 0,
    "tokenizer": 385
  },
  "peak_vram_mb": 23103,
  "seed": 2023,
  "test_mae": 0.3183877858544814,
  "test_rmse": 0.5146941153127176,
  "tokenizer": "point",
  "tokens_per_input": 336,
  "train_time_sec": 3831.546100567997,
  "val_mae": 0.3921116069848761,
  "val_rmse": 0.7302316052048081
}