{
  "best_epoch": 8,
  "config_hash": "6bbd5a140b02310b2c128cfdf54a6fba21e7b6cd28d2ca29a7a9c7537c71c3dd",
  "dataset": "Weather",
  "epochs_trained": 18,
  "git_sha": "eae977c48d84cbc5908ffba4ebfd4b74ce71e71f",
  "horizon": 96,
  "inference_ms_per_batch": 1.6199349756345505,
  "lookback": 336,
  "param_count": {
    "backbone": 921984,
    "head": 0,
    "tokenizer": 176864
  },
  "peak_vram_mb": 23103,
  "seed": 2022,
  "test_mae": 0.2321733152195077,
  "test_rmse": 0.42049948538646664,
  "tokenizer": "variate",
  "tokens_per_input": 21,
  "train_time_sec": 35.125735599998734,
  "val_mae": 0.31087127385391167,
  "val_rmse": 0.6580018135607334
}