{
  "best_epoch": 18,
  "config_hash": "a02d006852e8e981e69901fb65e0e832686c432f124e6b35968a27799cedaa69",
  "dataset": "ETTh1",
  "epochs_trained": 28,
  "git_sha": "e42ac4163808dc50b22a1b9390188b6c68b20e6a",
  "horizon": 336,
  "inference_ms_per_batch": 1.630851449954207,
  "lookback": 336,
  "param_count": {
    "backbone": 921984,
    "head": 0,
    "tokenizer": 238544
  },
  "peak_vram_mb": 22993,
  "seed": 2022,
  "test_mae": 0.5386826504300148,
  "test_rmse": 0.7364733651487724,
  "tokenizer": "variate",
  "tokens_per_input": 7,
  "train_time_sec": 13.206214262998401,
  "val_mae": 0.7528642857560509,
  "val_rmse": 1.0578316543524093
}