{
  "best_epoch": 49,
  "config_hash": "09cd78300819935ccac459541e38e873e82ddf6690500017f1e2a20bdb60137e",
  "dataset": "Electricity",
  "epochs_trained": 59,
  "git_sha": "56fd01e5adfcaa7bb4601d50141a970e5f81784b",
  "horizon": 96,
  "inference_ms_per_batch": 4.832890914607471,
  "lookback": 336,
  "param_count": {
    "backbone": 921984,
    "head": 0,
    "tokenizer": 506080
  },
  "peak_vram_mb": 16466,
  "seed": 2022,
  "test_mae": 0.22620821708335223,
  "test_rmse": 0.3623459279422899,
  "tokenizer": "patch",
  "tokens_per_input": 41,
  "train_time_sec": 3010.295395491994,
  "val_mae": 0.20518031026688877,
  "val_rmse": 0.3335221627895927
}