{
  "best_epoch": 8,
  "config_hash": "02e37533f99baf5bf1d163a5f37f0d6cec75c62b1d1a9ebcec22ccc4ad6a4c56",
  "dataset": "ETTh1",
  "epochs_trained": 18,
  "git_sha": "eae977c48d84cbc5908ffba4ebfd4b74ce71e71f",
  "horizon": 336,
  "inference_ms_per_batch": 1.7845012500401936,
  "lookback": 336,
  "param_count": {
    "backbone": 921984,
    "head": 0,
    "tokenizer": 1765840
  },
  "peak_vram_mb": 5090,
  "seed": 2023,
  "test_mae": 0.5204244634524979,
  "test_rmse": 0.7563617420455634,
  "tokenizer": "patch",
  "tokens_per_input": 41,
  "train_time_sec": 11.789360741000564,
  "val_mae": 0.8051887428289095,
  "val_rmse": 1.107619425552142
}