{
  "best_epoch": 38,
  "config_hash": "256a00c7782ceacdfb7f212924629941ecccc4289a94dc980413db63c4afbca0",
  "dataset": "Weather",
  "epochs_trained": 48,
  "git_sha": "0137948b17557bd00e67bedf29e5e0922d3d1d5a",
  "horizon": 336,
  "inference_ms_per_batch": 147.0369383243451,
  "lookback": 336,
  "param_count": {
    "backbone": 921984,
    "head": 0,
    "tokenizer": 1052672
  },
  "peak_vram_mb": 27846,
  "seed": 2022,
  "test_mae": 0.3434890799064195,
  "test_rmse": 0.5414132594993057,
  "tokenizer": "discrete_scalar",
  "tokens_per_input": 336,
  "train_time_sec": 7970.365136602006,
  "val_mae": 0.493798080811841,
  "val_rmse": 0.8220586659241408
}