{
  "best_epoch": 45,
  "config_hash": "7532ed9428ed3653356b509537c9cbb3f971a3b15a9cfcf6424e8a8377dfdf31",
  "dataset": "Weather",
  "epochs_trained": 55,
  "git_sha": "eae977c48d84cbc5908ffba4ebfd4b74ce71e71f",
  "horizon": 96,
  "inference_ms_per_batch": 9943.395661695033,
  "lookback": 336,
  "param_count": {
    "backbone": 921984,
    "head": 0,
    "tokenizer": 329214
  },
  "peak_vram_mb": 23103,
  "seed": 2023,
  "test_mae": 0.31073667236723257,
  "test_rmse": 0.5041473045366298,
  "tokenizer": "discrete_bpe",
  "tokens_per_input": 164,
  "train_time_sec": 6464.823519489,
  "val_mae": 0.4524213522534596,
  "val_rmse": 0.7992810369982084
}