{
  "best_epoch": 8,
  "config_hash": "5a4d6f9d734df76cbf9b065cfaa6045cca241aba7c8f9f39c7bf186cbee82bbb",
  "dataset": "Weather",
  "epochs_trained": 18,
  "git_sha": "eae977c48d84cbc5908ffba4ebfd4b74ce71e71f",
  "horizon": 336,
  "inference_ms_per_batch": 5.228594037725998,
  "lookback": 336,
  "param_count": {
    "backbone": 921984,
    "head": 0,
    "tokenizer": 1765840
  },
  "peak_vram_mb": 23103,
  "seed": 2023,
  "test_mae": 0.33321256642457736,
  "test_rmse": 0.5414591089182753,
  "tokenizer": "patch",
  "tokens_per_input": 41,
  "train_time_sec": 121.40030610699614,
  "val_mae": 0.42193718124811574,
  "val_rmse": 0.7598130025803002
}