{
  "best_epoch": 24,
  "config_hash": "7b423d6966ac9481f328cefcf02782b1b8377f455763104f85ae2059ddcc9972",
  "dataset": "Weather",
  "epochs_trained": 34,
  "git_sha": "eae977c48d84cbc5908ffba4ebfd4b74ce71e71f",
  "horizon": 96,
  "inference_ms_per_batch": 68.31174884144097,
  "lookback": 336,
  "param_count": {
    "backbone": 921984,
    "head": 0,
    "tokenizer": 385
  },
  "peak_vram_mb": 23003,
  "seed": 2021,
  "test_mae": 0.22779889695192765,
  "test_rmse": 0.40606401841408507,
  "tokenizer": "point",
  "tokens_per_input": 336,
  "train_time_sec": 3262.92213069,
  "val_mae": 0.3017571541422486,
  "val_rmse": 0.6412195198089387
}