{
  "best_epoch": 25,
  "config_hash": "e1cfb704a60c45f3c409514841d98d900b2fa3b24e981f459b417a6e53bf4ca7",
  "dataset": "Electricity",
  "epochs_trained": 35,
  "git_sha": "56fd01e5adfcaa7bb4601d50141a970e5f81784b",
  "horizon": 336,
  "inference_ms_per_batch": 4.960018619834506,
  "lookback": 336,
  "param_count": {
    "backbone": 921984,
    "head": 0,
    "tokenizer": 1765840
  },
  "peak_vram_mb": 26661,
  "seed": 2023,
  "test_mae": 0.26378939500131166,
  "test_rmse": 0.40769323067424795,
  "tokenizer": "patch",
  "tokens_per_input": 41,
  "train_time_sec": 1759.63775239198,
  "val_mae": 0.23696980797236358,
  "val_rmse": 0.3752836825706463
}