{
  "best_epoch": 5,
  "config_hash": "e9bf11acdf5c8f5e47b200a9dc278ebf6268ce0f1a0dc4f7a3811981569826f1",
  "dataset": "Weather",
  "epochs_trained": 15,
  "git_sha": "eae977c48d84cbc5908ffba4ebfd4b74ce71e71f",
  "horizon": 336,
  "inference_ms_per_batch": 9963.906488299654,
  "lookback": 336,
  "param_count": {
    "backbone": 921984,
    "head": 0,
    "tokenizer": 329214
  },
  "peak_vram_mb": 23103,
  "seed": 2022,
  "test_mae": 0.5153690434353964,
  "test_rmse": 0.7248134694722075,
  "tokenizer": "discrete_bpe",
  "tokens_per_input": 161,
  "train_time_sec": 4536.208206702999,
  "val_mae": 0.5682775439622461,
  "val_rmse": 0.8945272322693758
}