{
  "best_epoch": 9,
  "config_hash": "885dcbeda9e03db0b8bfa4efb451877138b45243efc2731d0e9fe78e8233ccae",
  "dataset": "ETTh1",
  "epochs_trained": 19,
  "git_sha": "e42ac4163808dc50b22a1b9390188b6c68b20e6a",
  "horizon": 96,
  "inference_ms_per_batch": 22.44513540906403,
  "lookback": 336,
  "param_count": {
    "backbone": 921984,
    "head": 0,
    "tokenizer": 385
  },
  "peak_vram_mb": 9501,
  "seed": 2023,
  "test_mae": 0.4757514540737609,
  "test_rmse": 0.7156870786147519,
  "tokenizer": "point",
  "tokens_per_input": 336,
  "train_time_sec": 144.56904062899775,
  "val_mae": 0.6855744699662574,
  "val_rmse": 1.008645629180092
}