{
  "best_epoch": 32,
  "config_hash": "e512b46670402c70d7243baeee4d84239a2d0bbc920c682d3efc720ccb710ba4",
  "dataset": "Weather",
  "epochs_trained": 42,
  "git_sha": "eae977c48d84cbc5908ffba4ebfd4b74ce71e71f",
  "horizon": 96,
  "inference_ms_per_batch": 9948.105730487974,
  "lookback": 336,
  "param_count": {
    "backbone": 921984,
    "head": 0,
    "tokenizer": 329214
  },
  "peak_vram_mb": 23103,
  "seed": 2021,
  "test_mae": 0.3097654450578949,
  "test_rmse": 0.5047632795688174,
  "tokenizer": "discrete_bpe",
  "tokens_per_input": 166,
  "train_time_sec": 5855.914086851,
  "val_mae": 0.46763183216261595,
  "val_rmse": 0.8163275794840451
}