{
  "best_epoch": 7,
  "config_hash": "0287c6a3cbac8175b17aa3571b8be321c1a06cf0b46d8c648d0342759832062f",
  "dataset": "ETTh1",
  "epochs_trained": 17,
  "git_sha": "e42ac4163808dc50b22a1b9390188b6c68b20e6a",
  "horizon": 336,
  "inference_ms_per_batch": 1.7911579496285412,
  "lookback": 336,
  "param_count": {
    "backbone": 921984,
    "head": 0,
    "tokenizer": 1765840
  },
  "peak_vram_mb": 9501,
  "seed": 2021,
  "test_mae": 0.5318679218372024,
  "test_rmse": 0.7626277422994217,
  "tokenizer": "patch",
  "tokens_per_input": 41,
  "train_time_sec": 11.21509543999855,
  "val_mae": 0.8099820054495276,
  "val_rmse": 1.1205054380765338
}