{
  "best_epoch": 23,
  "config_hash": "62be772cfb2fa69bd3be2977c4bdfbfcae8166a389f9055e2c762234a23844af",
  "dataset": "ETTh1",
  "epochs_trained": 33,
  "git_sha": "e42ac4163808dc50b22a1b9390188b6c68b20e6a",
  "horizon": 336,
  "inference_ms_per_batch": 1.6342330494808266,
  "lookback": 336,
  "param_count": {
    "backbone": 921984,
    "head": 0,
    "tokenizer": 238544
  },
  "peak_vram_mb": 9501,
  "seed": 2021,
  "test_mae": 0.5280939775683112,
  "test_rmse": 0.7273113487944126,
  "tokenizer": "variate",
  "tokens_per_input": 7,
  "train_time_sec": 15.060413095998229,
  "val_mae": 0.7469888624654184,
  "val_rmse": 1.0540646587346905
}