{
  "best_epoch": 10,
  "config_hash": "4c7d069c1e33f475c6c42ef49b2edbd43cf7b510757011944457690bbac9885b",
  "dataset": "Weather",
  "epochs_trained": 20,
  "git_sha": "eae977c48d84cbc5908ffba4ebfd4b74ce71e71f",
  "horizon": 336,
  "inference_ms_per_batch": 5.199827049546002,
  "lookback": 336,
  "param_count": {
    "backbone": 921984,
    "head": 0,
    "tokenizer": 1765840
  },
  "peak_vram_mb": 23103,
  "seed": 2022,
  "test_mae": 0.3445491880557139,
  "test_rmse": 0.5567064814315378,
  "tokenizer": "patch",
  "tokens_per_input": 41,
  "train_time_sec": 134.8737069459894,
  "val_mae": 0.4346298300620917,
  "val_rmse": 0.777053137914565
}