{
  "best_epoch": 22,
  "config_hash": "34940ad6a92ea565e911725c2435b157d6f8810232b869ae9bad0e100f902a5e",
  "dataset": "Electricity",
  "epochs_trained": 32,
  "git_sha": "56fd01e5adfcaa7bb4601d50141a970e5f81784b",
  "horizon": 96,
  "inference_ms_per_batch": 134.95832470801787,
  "lookback": 336,
  "param_count": {
    "backbone": 921984,
    "head": 0,
    "tokenizer": 329214
  },
  "peak_vram_mb": 16466,
  "seed": 2022,
  "test_mae": 0.7611978575019754,
  "test_rmse": 0.9164542882379009,
  "tokenizer": "discrete_bpe",
  "tokens_per_input": 209,
  "train_time_sec": 13124.473826972011,
  "val_mae": 0.7135664497340324,
  "val_rmse": 0.8558305649405467
}