{
  "best_epoch": 6,
  "config_hash": "ce5a8735fc43f46c35d6d3fa5a42bcd6139bd013d71dafa5141cf99307504be9",
  "dataset": "Weather",
  "epochs_trained": 16,
  "git_sha": "eae977c48d84cbc5908ffba4ebfd4b74ce71e71f",
  "horizon": 336,
  "inference_ms_per_batch": 1.6405145130192977,
  "lookback": 336,
  "param_count": {
    "backbone": 921984,
    "head": 0,
    "tokenizer": 238544
  },
  "peak_vram_mb": 23103,
  "seed": 2023,
  "test_mae": 0.3939059631768557,
  "test_rmse": 0.631990359450551,
  "tokenizer": "variate",
  "tokens_per_input": 21,
  "train_time_sec": 31.33486931900552,
  "val_mae": 0.4675433650418518,
  "val_rmse": 0.8077735323251274
}