{
  "best_epoch": 89,
  "config_hash": "a8b9b80ea43185119b9a14a172b25b6c9d21231c7a4bc76e6327330a707d80f6",
  "dataset": "Electricity",
  "epochs_trained": 99,
  "git_sha": "56fd01e5adfcaa7bb4601d50141a970e5f81784b",
  "horizon": 96,
  "inference_ms_per_batch": 85.87469444206509,
  "lookback": 336,
  "param_count": {
    "backbone": 921984,
    "head": 0,
    "tokenizer": 1052672
  },
  "peak_vram_mb": 16466,
  "seed": 2021,
  "test_mae": 0.29319185307709883,
  "test_rmse": 0.45492056707017087,
  "tokenizer": "discrete_scalar",
  "tokens_per_input": 336,
  "train_time_sec": 85769.14797576301,
  "val_mae": 0.2707623624271645,
  "val_rmse": 0.4268415608312854
}