{
  "best_epoch": 3,
  "config_hash": "1a8bffc26de5602fadfeadb843a284a3dbec236aa53d99cceacb3dea0cc7b0e7",
  "dataset": "ETTh1",
  "epochs_trained": 13,
  "git_sha": "e42ac4163808dc50b22a1b9390188b6c68b20e6a",
  "horizon": 336,
  "inference_ms_per_batch": 49.020633599684516,
  "lookback": 336,
  "param_count": {
    "backbone": 921984,
    "head": 0,
    "tokenizer": 1052672
  },
  "peak_vram_mb": 22993,
  "seed": 2022,
  "test_mae": 0.6323805639642891,
  "test_rmse": 0.8514574279981134,
  "tokenizer": "discrete_scalar",
  "tokens_per_input": 336,
  "train_time_sec": 150.572972932001,
  "val_mae": 0.907783603679684,
  "val_rmse": 1.2475334438191905
}