{
  "best_epoch": 36,
  "config_hash": "5dc7f00edcf6705a3f04c6aa08f0a68b52e4440f3fb40a6161ab4032088e6985",
  "dataset": "Electricity",
  "epochs_trained": 46,
  "git_sha": "56fd01e5adfcaa7bb4601d50141a970e5f81784b",
  "horizon": 336,
  "inference_ms_per_batch": 4.963909117223365,
  "lookback": 336,
  "param_count": {
    "backbone": 921984,
    "head": 0,
    "tokenizer": 1765840
  },
  "peak_vram_mb": 26661,
  "seed": 2022,
  "test_mae": 0.26184513451296026,
  "test_rmse": 0.40963791434183155,
  "tokenizer": "patch",
  "tokens_per_input": 41,
  "train_time_sec": 2314.4917123490013,
  "val_mae": 0.2329534587930095,
  "val_rmse": 0.37352883459228303
}