{
  "best_epoch": 13,
  "config_hash": "653e1d52e66aaffad2836dd7062fd0fb3d91fd44ba6deefdd278f5e5ecdc05c5",
  "dataset": "Weather",
  "epochs_trained": 23,
  "git_sha": "eae977c48d84cbc5908ffba4ebfd4b74ce71e71f",
  "horizon": 96,
  "inference_ms_per_batch": 5.055627146935965,
  "lookback": 336,
  "param_count": {
    "backbone": 921984,
    "head": 0,
    "tokenizer": 506080
  },
  "peak_vram_mb": 23103,
  "seed": 2022,
  "test_mae": 0.22338107497903323,
  "test_rmse": 0.40199819821156635,
  "tokenizer": "patch",
  "tokens_per_input": 41,
  "train_time_sec": 153.7956302849998,
  "val_mae": 0.29413045183732117,
  "val_rmse": 0.6294185033071129
}