{
  "best_epoch": 3,
  "config_hash": "10e33394373c6926301ab77dff1076772f73db47a7ba86af56f120fcd5eda78e",
  "dataset": "ETTh1",
  "epochs_trained": 13,
  "git_sha": "e42ac4163808dc50b22a1b9390188b6c68b20e6a",
  "horizon": 336,
  "inference_ms_per_batch": 8475.744150250102,
  "lookback": 336,
  "param_count": {
    "backbone": 921984,
    "head": 0,
    "tokenizer": 329214
  },
  "peak_vram_mb": 22993,
  "seed": 2021,
  "test_mae": 0.7738604956656041,
  "test_rmse": 1.016067570381464,
  "tokenizer": "discrete_bpe",
  "tokens_per_input": 152,
  "train_time_sec": 742.7454882390011,
  "val_mae": 0.9346375858484356,
  "val_rmse": 1.2782809870460736
}