{
  "best_epoch": 9,
  "config_hash": "22a36b2adb5d8f65b0543024d9970c6d66fd13bc0e79352c2be10ec473692eeb",
  "dataset": "Weather",
  "epochs_trained": 19,
  "git_sha": "d6ba22c174f0a255758657944cb762c8fb13f39c",
  "horizon": 96,
  "inference_ms_per_batch": 5.13851059766727,
  "lookback": 336,
  "param_count": {
    "backbone": 921984,
    "head": 0,
    "tokenizer": 506080
  },
  "peak_vram_mb": 2115,
  "seed": 2021,
  "test_mae": 0.22101084158232465,
  "test_rmse": 0.40206553532054184,
  "tokenizer": "patch",
  "tokens_per_input": 41,
  "train_time_sec": 133.11745039900052,
  "val_mae": 0.298444294941061,
  "val_rmse": 0.6334446300337695
}