{
  "best_epoch": 23,
  "config_hash": "cb9dccea83a5c24c6e5e5ead0a291fb74f707f2f01c524105be6aeaaa17633d0",
  "dataset": "Weather",
  "epochs_trained": 33,
  "git_sha": "eae977c48d84cbc5908ffba4ebfd4b74ce71e71f",
  "horizon": 96,
  "inference_ms_per_batch": 68.33605682949405,
  "lookback": 336,
  "param_count": {
    "backbone": 921984,
    "head": 0,
    "tokenizer": 385
  },
  "peak_vram_mb": 23103,
  "seed": 2022,
  "test_mae": 0.22912444853866532,
  "test_rmse": 0.41319160326684445,
  "tokenizer": "point",
  "tokens_per_input": 336,
  "train_time_sec": 3166.613077697002,
  "val_mae": 0.2895525250741579,
  "val_rmse": 0.6325717808361423
}