{
  "best_epoch": 26,
  "config_hash": "1335be661ebbb4baddf450df74ca422a56b3fe192ba5bd1a504b2848869ff1ce",
  "dataset": "Weather",
  "epochs_trained": 36,
  "git_sha": "eae977c48d84cbc5908ffba4ebfd4b74ce71e71f",
  "horizon": 96,
  "inference_ms_per_batch": 9922.465434182213,
  "lookback": 336,
  "param_count": {
    "backbone": 921984,
    "head": 0,
    "tokenizer": 329214
  },
  "peak_vram_mb": 23103,
  "seed": 2022,
  "test_mae": 0.31013086814578633,
  "test_rmse": 0.5022658202942712,
  "tokenizer": "discrete_bpe",
  "tokens_per_input": 162,
  "train_time_sec": 5554.554522917999,
  "val_mae": 0.46603941905277685,
  "val_rmse": 0.8095457399102223
}