{
  "best_epoch": 3,
  "config_hash": "a85561f77de006d83bdffb8ae63f3cbf4fad382d7eeb6ca6f5a85812ca19ae76",
  "dataset": "ETTh1",
  "epochs_trained": 13,
  "git_sha": "eae977c48d84cbc5908ffba4ebfd4b74ce71e71f",
  "horizon": 336,
  "inference_ms_per_batch": 8493.096350049746,
  "lookback": 336,
  "param_count": {
    "backbone": 921984,
    "head": 0,
    "tokenizer": 329214
  },
  "peak_vram_mb": 23003,
  "seed": 2023,
  "test_mae": 0.8138604006497,
  "test_rmse": 1.0658934001061362,
  "tokenizer": "discrete_bpe",
  "tokens_per_input": 152,
  "train_time_sec": 727.2104408969972,
  "val_mae": 0.9361832414080563,
  "val_rmse": 1.2782281251764287
}