{
  "best_epoch": 48,
  "config_hash": "01edd7304371f5638dc7c886c497aef177ddc1ae8258c3bde8b7f220efbb216a",
  "dataset": "Electricity",
  "epochs_trained": 58,
  "git_sha": "56fd01e5adfcaa7bb4601d50141a970e5f81784b",
  "horizon": 336,
  "inference_ms_per_batch": 140.232304206183,
  "lookback": 336,
  "param_count": {
    "backbone": 921984,
    "head": 0,
    "tokenizer": 1052672
  },
  "peak_vram_mb": 26661,
  "seed": 2023,
  "test_mae": 0.2939290568123515,
  "test_rmse": 0.4534410645435637,
  "tokenizer": "discrete_scalar",
  "tokens_per_input": 336,
  "train_time_sec": 71351.49883551296,
  "val_mae": 0.2661578222470141,
  "val_rmse": 0.4224229687682702
}