{
  "best_epoch": 36,
  "config_hash": "59093c0c39565ea4668a7c95a82502bbe5abc76a11b2e258bf859744cab83380",
  "dataset": "Electricity",
  "epochs_trained": 46,
  "git_sha": "56fd01e5adfcaa7bb4601d50141a970e5f81784b",
  "horizon": 336,
  "inference_ms_per_batch": 66.03405995286137,
  "lookback": 336,
  "param_count": {
    "backbone": 921984,
    "head": 0,
    "tokenizer": 385
  },
  "peak_vram_mb": 26661,
  "seed": 2022,
  "test_mae": 0.28491127758353485,
  "test_rmse": 0.4399188083233991,
  "tokenizer": "point",
  "tokens_per_input": 336,
  "train_time_sec": 32821.13493462201,
  "val_mae": 0.2564111521931568,
  "val_rmse": 0.40781020991131
}