{
  "best_epoch": 25,
  "config_hash": "fd5f1ead9e57036e143a6ef39811e4d6c87d4fa224afc16a269d58c879902bac",
  "dataset": "Weather",
  "epochs_trained": 35,
  "git_sha": "eae977c48d84cbc5908ffba4ebfd4b74ce71e71f",
  "horizon": 336,
  "inference_ms_per_batch": 69.02085406163678,
  "lookback": 336,
  "param_count": {
    "backbone": 921984,
    "head": 0,
    "tokenizer": 385
  },
  "peak_vram_mb": 23103,
  "seed": 2022,
  "test_mae": 0.30927992359593887,
  "test_rmse": 0.5072509437975928,
  "tokenizer": "point",
  "tokens_per_input": 336,
  "train_time_sec": 3352.790356586993,
  "val_mae": 0.3878205631907793,
  "val_rmse": 0.7256887205983241
}