{
  "best_epoch": 3,
  "config_hash": "a20bf3bc2207248874f927d2ee906c54e0ee9fa7892c9e60607f9a6d33a3d9b1",
  "dataset": "ETTh1",
  "epochs_trained": 13,
  "git_sha": "e42ac4163808dc50b22a1b9390188b6c68b20e6a",
  "horizon": 336,
  "inference_ms_per_batch": 48.880186500355194,
  "lookback": 336,
  "param_count": {
    "backbone": 921984,
    "head": 0,
    "tokenizer": 1052672
  },
  "peak_vram_mb": 22993,
  "seed": 2021,
  "test_mae": 0.6146732486585007,
  "test_rmse": 0.8368384460985425,
  "tokenizer": "discrete_scalar",
  "tokens_per_input": 336,
  "train_time_sec": 150.63070792399958,
  "val_mae": 0.8940107899434332,
  "val_rmse": 1.2376988947336904
}