{
  "best_epoch": 53,
  "config_hash": "5ce296f2214b2a636e6bd219b87bb5563654869fd80604a962171b1562379861",
  "dataset": "Electricity",
  "epochs_trained": 63,
  "git_sha": "56fd01e5adfcaa7bb4601d50141a970e5f81784b",
  "horizon": 96,
  "inference_ms_per_batch": 4.82695554019977,
  "lookback": 336,
  "param_count": {
    "backbone": 921984,
    "head": 0,
    "tokenizer": 506080
  },
  "peak_vram_mb": 14390,
  "seed": 2021,
  "test_mae": 0.22633975931644995,
  "test_rmse": 0.36194115594445336,
  "tokenizer": "patch",
  "tokens_per_input": 41,
  "train_time_sec": 3143.3651626129868,
  "val_mae": 0.2054452264596457,
  "val_rmse": 0.3337389633347778
}