{
  "best_epoch": 9,
  "config_hash": "5bee1a618aaae6a469903ded0924c7a66e1b8db3015b644bb3493b811091fb2c",
  "dataset": "Weather",
  "epochs_trained": 19,
  "git_sha": "eae977c48d84cbc5908ffba4ebfd4b74ce71e71f",
  "horizon": 96,
  "inference_ms_per_batch": 1.6416349634066758,
  "lookback": 336,
  "param_count": {
    "backbone": 921984,
    "head": 0,
    "tokenizer": 176864
  },
  "peak_vram_mb": 23003,
  "seed": 2021,
  "test_mae": 0.24186831878673937,
  "test_rmse": 0.437464258009781,
  "tokenizer": "variate",
  "tokens_per_input": 21,
  "train_time_sec": 37.57053185899713,
  "val_mae": 0.3085490839093447,
  "val_rmse": 0.659824372814678
}